conversation,predictions,probabilities,suggestion
"A: I was thinking about joining that book club at the library,B: Oh, that sounds fun! What’s stopping you?,A: Well, I don’t know… what if they don’t like my opinions on the books?,B: I doubt that’d happen, people usually love hearing different takes.,A: Maybe, but I’d rather be sure they’d accept me first before I say anything.,B: You could just go and listen the first time, no pressure.,A: I guess… but I’d feel so awkward just sitting there, not knowing anyone.,B: Everyone’s new at some point, right?,A: True, but I’d probably just mess up introducing myself anyway.,B: You’re overthinking it—your intros are always fine when we hang out.,A: That’s different, you already know me… I just feel like I’d be out of place there.","{'Schizoid': True, 'Narcissistic': True, 'Avoidant': True}","{'Schizoid': 0.4984649121761322, 'Narcissistic': 0.5175345540046692, 'Avoidant': 0.4735773801803589}","The conversation shows potential traits of Schizoid, Narcissistic, Avoidant personality disorder(s). Specific probabilities: Schizoid: 49.8%; Narcissistic: 51.8%; Avoidant: 47.4%. Consider professional evaluation if these patterns persist."
"A: Have you seen that new art exhibit downtown?,B: Yeah, it looks amazing! Want to check it out this weekend?,A: I’d love to, but… I don’t know if I’d fit in with the crowd there.,B: What do you mean? It’s just art, anyone can enjoy it.,A: Sure, but what if people start asking me what I think and I sound dumb?,B: You always have interesting thoughts—why would that happen?,A: I just get nervous… I’d probably stay quiet the whole time anyway.,B: We could go together, keep it low-key.,A: Maybe, but I’d hate to embarrass myself if someone called me out.,B: No one’s going to quiz you, it’s not a test!,A: I know, I just… I’d rather avoid the risk of looking stupid.","{'Schizoid': True, 'Narcissistic': True, 'Avoidant': True}","{'Schizoid': 0.496955931186676, 'Narcissistic': 0.4969961941242218, 'Avoidant': 0.4655296504497528}","The conversation shows potential traits of Schizoid, Narcissistic, Avoidant personality disorder(s). Specific probabilities: Schizoid: 49.7%; Narcissistic: 49.7%; Avoidant: 46.6%. Consider professional evaluation if these patterns persist."
"A: My boss keeps pushing me to lead the next team meeting,B: That’s a great opportunity! You’d do awesome.,A: I don’t know… I’d have to talk to everyone, and what if they hate my ideas?,B: They’ve liked your stuff before, haven’t they?,A: Yeah, but this feels different—I’d be front and center, open to criticism.,B: You could prep a ton, make it foolproof.,A: Even then, I’d probably freeze up… I’m not good at that stuff.,B: You’re better than you think, seriously.,A: I just see myself stumbling and everyone judging me.,B: They’re your team, not a firing squad—give it a shot?,A: I’d rather stick to the background… less chance of messing up.","{'Schizoid': True, 'Narcissistic': True, 'Avoidant': True}","{'Schizoid': 0.5103176236152649, 'Narcissistic': 0.5110358595848083, 'Avoidant': 0.471239298582077}","The conversation shows potential traits of Schizoid, Narcissistic, Avoidant personality disorder(s). Specific probabilities: Schizoid: 51.0%; Narcissistic: 51.1%; Avoidant: 47.1%. Consider professional evaluation if these patterns persist."
"A: There’s a cooking class at the community center next month,B: Oh, you’d love that! You’re always experimenting in the kitchen.,A: I do, but… I’d have to work with strangers, and I’d probably mess up.,B: It’s a class, everyone’s there to learn.,A: Sure, but what if they laugh at me when I burn something?,B: They’d probably burn stuff too—it’s not a competition.,A: I’d still feel so out of place… I’m not great with new people.,B: You could just watch the instructor first, ease into it.,A: Maybe, but I’d hate to look incompetent in front of everyone.,B: You’re too hard on yourself—cooking’s supposed to be fun.,A: I know, I just don’t want to risk the embarrassment.","{'Schizoid': True, 'Narcissistic': True, 'Avoidant': True}","{'Schizoid': 0.5098038911819458, 'Narcissistic': 0.4910631477832794, 'Avoidant': 0.4585060775279999}","The conversation shows potential traits of Schizoid, Narcissistic, Avoidant personality disorder(s). Specific probabilities: Schizoid: 51.0%; Narcissistic: 49.1%; Avoidant: 45.9%. Consider professional evaluation if these patterns persist."
"A: I got invited to a friend’s game night,B: Nice! Board games or video games?,A: Board games… but I’m not sure I’ll go.,B: Why not? You love those strategy ones.,A: I do, but what if I don’t click with the group and they think I’m weird?,B: They invited you, so they obviously want you there.,A: Maybe, but I’d probably just sit there quietly, too nervous to join in.,B: You could bring a game you know well, take the lead a bit.,A: I’d rather not… I’d feel dumb if I explained it wrong.,B: They’re your friends, not critics—give it a try.,A: I don’t know… I’d hate to ruin the vibe by being awkward.","{'Schizoid': True, 'Narcissistic': True, 'Avoidant': True}","{'Schizoid': 0.5131198763847351, 'Narcissistic': 0.4881899058818817, 'Avoidant': 0.44568386673927307}","The conversation shows potential traits of Schizoid, Narcissistic, Avoidant personality disorder(s). Specific probabilities: Schizoid: 51.3%; Narcissistic: 48.8%; Avoidant: 44.6%. Consider professional evaluation if these patterns persist."
"A: There’s a hiking group I saw online,B: That sounds right up your alley—you love nature.,A: Yeah, but… I’d have to talk to people I don’t know.,B: You’d meet some cool folks, though.,A: What if they think I’m slow or boring on the trail?,B: No one’s judging speed, it’s just a hike.,A: I’d still feel off… I’m not great at starting conversations.,B: You could just enjoy the scenery, chime in when you want.,A: True, but I’d probably look stupid asking basic questions.,B: Everyone starts somewhere—don’t let that stop you.,A: I’d rather go alone… less chance of feeling out of place.","{'Schizoid': True, 'Narcissistic': True, 'Avoidant': True}","{'Schizoid': 0.5050128698348999, 'Narcissistic': 0.5134506821632385, 'Avoidant': 0.4809296727180481}","The conversation shows potential traits of Schizoid, Narcissistic, Avoidant personality disorder(s). Specific probabilities: Schizoid: 50.5%; Narcissistic: 51.3%; Avoidant: 48.1%. Consider professional evaluation if these patterns persist."
"A: I was thinking of pitching a new project at work,B: Awesome! What’s the idea?,A: It’s a marketing thing… but I’d have to present it to the team.,B: You’ve got this—they’d love your creativity.,A: Maybe, but what if they tear it apart and I look dumb?,B: Feedback’s normal, it’s not personal.,A: I know, but I’d feel so inadequate standing there.,B: Prep it with me first, get the kinks out.,A: Even then, I’d probably choke… I’m not cut out for that.,B: You’re selling yourself short—try it.,A: I’d rather just email it… safer that way.","{'Schizoid': True, 'Narcissistic': True, 'Avoidant': True}","{'Schizoid': 0.5050618052482605, 'Narcissistic': 0.5173996686935425, 'Avoidant': 0.4678976833820343}","The conversation shows potential traits of Schizoid, Narcissistic, Avoidant personality disorder(s). Specific probabilities: Schizoid: 50.5%; Narcissistic: 51.7%; Avoidant: 46.8%. Consider professional evaluation if these patterns persist."
"A: There’s a concert next week I kind of want to see,B: Who’s playing?,A: That indie band I like… but I’d feel weird going alone.,B: I’ll go with you, problem solved!,A: Thanks, but… what if people think I’m lame for not knowing the scene?,B: It’s a concert, not a fan club meeting.,A: Still, I’d probably just stand there, too shy to dance or anything.,B: You don’t have to dance—just enjoy the music.,A: I’d feel judged anyway… I’m not cool enough for that crowd.,B: You’re overthinking it—it’s dark, no one’s watching.,A: Maybe, but I’d rather listen at home… less pressure.","{'Schizoid': True, 'Narcissistic': True, 'Avoidant': True}","{'Schizoid': 0.4971507787704468, 'Narcissistic': 0.5067325234413147, 'Avoidant': 0.47317519783973694}","The conversation shows potential traits of Schizoid, Narcissistic, Avoidant personality disorder(s). Specific probabilities: Schizoid: 49.7%; Narcissistic: 50.7%; Avoidant: 47.3%. Consider professional evaluation if these patterns persist."
"A: I saw a flyer for a pottery workshop,B: Oh, you’d make something amazing!,A: I’d like to try, but… I’d be with strangers.,B: That’s half the fun—meeting new people.,A: Not for me… what if they hate my stuff?,B: It’s a workshop, not a gallery critique.,A: I’d still feel dumb if mine’s the worst.,B: No one’s grading you—it’s just clay.,A: I know, but I’d be too nervous to even start.,B: Start small, no big deal.,A: I’d rather practice alone first… less chance of screwing up.","{'Schizoid': True, 'Narcissistic': True, 'Avoidant': True}","{'Schizoid': 0.5040707588195801, 'Narcissistic': 0.5104759931564331, 'Avoidant': 0.46235305070877075}","The conversation shows potential traits of Schizoid, Narcissistic, Avoidant personality disorder(s). Specific probabilities: Schizoid: 50.4%; Narcissistic: 51.0%; Avoidant: 46.2%. Consider professional evaluation if these patterns persist."
"A: My cousin’s having a family reunion,B: That sounds nice—catching up with everyone.,A: Yeah, but… I haven’t seen them in years.,B: They’ll be thrilled to see you.,A: What if they think I’m a loser now?,B: Family doesn’t care about that—they just want to reconnect.,A: I’d still feel awkward… I’m not good at small talk.,B: You could stick with me, keep it easy.,A: Maybe, but I’d probably say something stupid anyway.,B: You’re fine—they’re not judging.,A: I don’t know… I might skip it to avoid the hassle.","{'Schizoid': True, 'Narcissistic': True, 'Avoidant': True}","{'Schizoid': 0.5096546411514282, 'Narcissistic': 0.512317419052124, 'Avoidant': 0.4791387617588043}","The conversation shows potential traits of Schizoid, Narcissistic, Avoidant personality disorder(s). Specific probabilities: Schizoid: 51.0%; Narcissistic: 51.2%; Avoidant: 47.9%. Consider professional evaluation if these patterns persist."
"A: There’s a comic book meetup soon,B: You’re a geek for those—go!,A: I want to, but… what if they quiz me?,B: It’s a meetup, not a test.,A: I’d feel dumb if I don’t know enough.,B: They’d love your passion.,A: I’d probably just lurk quietly.,B: Bring a favorite issue, join in.,A: What if they hate my taste?,B: Taste is personal—don’t sweat it.,A: I’ll stick to reading alone.","{'Schizoid': True, 'Narcissistic': True, 'Avoidant': True}","{'Schizoid': 0.5233802795410156, 'Narcissistic': 0.476586252450943, 'Avoidant': 0.4515387713909149}","The conversation shows potential traits of Schizoid, Narcissistic, Avoidant personality disorder(s). Specific probabilities: Schizoid: 52.3%; Narcissistic: 47.7%; Avoidant: 45.2%. Consider professional evaluation if these patterns persist."
"A: I saw a knitting circle ad,B: You’re good with yarn—join!,A: Maybe, but… what if my stuff’s bad?,B: It’s a circle, not a contest.,A: I’d feel so awkward showing it.,B: They’d help you improve.,A: I’d be too shy to ask.,B: Just watch at first, ease in.,A: What if they laugh at me?,B: They won’t—try it.,A: I’ll knit at home instead.","{'Schizoid': True, 'Narcissistic': True, 'Avoidant': True}","{'Schizoid': 0.5151655673980713, 'Narcissistic': 0.4586790204048157, 'Avoidant': 0.429689884185791}","The conversation shows potential traits of Schizoid, Narcissistic, Avoidant personality disorder(s). Specific probabilities: Schizoid: 51.5%; Narcissistic: 45.9%; Avoidant: 43.0%. Consider professional evaluation if these patterns persist."
"A: There’s a car show this weekend,B: You love cars—why not go?,A: I do, but… what if I sound clueless?,B: It’s a show, not a lecture.,A: I’d feel out of place with experts.,B: Everyone’s there to gawk.,A: I’d probably stay quiet anyway.,B: Bring me, we’ll chat cars.,A: What if they think I’m dumb?,B: They won’t—enjoy it.,A: I’ll just watch online.","{'Schizoid': True, 'Narcissistic': True, 'Avoidant': True}","{'Schizoid': 0.5108537077903748, 'Narcissistic': 0.5543796420097351, 'Avoidant': 0.5173562169075012}","The conversation shows potential traits of Schizoid, Narcissistic, Avoidant personality disorder(s). Specific probabilities: Schizoid: 51.1%; Narcissistic: 55.4%; Avoidant: 51.7%. Consider professional evaluation if these patterns persist."
"A: I was thinking of a improv class,B: You’re funny—do it!,A: Thanks, but… what if I freeze?,B: Everyone does at first.,A: I’d only go if I knew I’d be good.,B: It’s practice, not a show.,A: I’d feel so dumb up there.,B: Start small, no pressure.,A: What if they laugh at me?,B: That’s the point—go for it.,A: I’ll stick to joking here.","{'Schizoid': True, 'Narcissistic': True, 'Avoidant': True}","{'Schizoid': 0.5308360457420349, 'Narcissistic': 0.4632105529308319, 'Avoidant': 0.4276190400123596}","The conversation shows potential traits of Schizoid, Narcissistic, Avoidant personality disorder(s). Specific probabilities: Schizoid: 53.1%; Narcissistic: 46.3%; Avoidant: 42.8%. Consider professional evaluation if these patterns persist."
"A: There’s a astronomy club meeting,B: You love stars—perfect!,A: Yeah, but… what if I mess up the facts?,B: No one’s grading you.,A: I’d feel stupid with pros.,B: They’re amateurs too—join.,A: I’d probably just listen.,B: Bring your telescope, share.,A: What if they think I’m lame?,B: They won’t—give it a try.,A: I’ll stargaze alone.","{'Schizoid': True, 'Narcissistic': True, 'Avoidant': True}","{'Schizoid': 0.537677526473999, 'Narcissistic': 0.49414515495300293, 'Avoidant': 0.46391451358795166}","The conversation shows potential traits of Schizoid, Narcissistic, Avoidant personality disorder(s). Specific probabilities: Schizoid: 53.8%; Narcissistic: 49.4%; Avoidant: 46.4%. Consider professional evaluation if these patterns persist."
"A: I got invited to a potluck,B: Your food’s great—bring something!,A: Maybe, but… what if they hate it?,B: They’ll love it—trust me.,A: I’d feel awkward serving it.,B: It’s casual, no big deal.,A: I’d be too shy to explain it.,B: Just set it down, let them dig in.,A: What if they think it’s bad?,B: They won’t—go share.,A: I’ll cook for us instead.","{'Schizoid': True, 'Narcissistic': True, 'Avoidant': True}","{'Schizoid': 0.5327176451683044, 'Narcissistic': 0.47795960307121277, 'Avoidant': 0.4388377368450165}","The conversation shows potential traits of Schizoid, Narcissistic, Avoidant personality disorder(s). Specific probabilities: Schizoid: 53.3%; Narcissistic: 47.8%; Avoidant: 43.9%. Consider professional evaluation if these patterns persist."
"A: There’s a painting class next week,B: You’re artsy—sign up!,A: I want to, but… what if mine’s awful?,B: It’s a class, not a gallery.,A: I’d feel dumb showing it.,B: Everyone’s learning—relax.,A: I’d probably mess up anyway.,B: Messing up’s part of it.,A: What if they judge me?,B: They won’t—try it.,A: I’ll paint here instead.","{'Schizoid': True, 'Narcissistic': True, 'Avoidant': True}","{'Schizoid': 0.5208491086959839, 'Narcissistic': 0.46227017045021057, 'Avoidant': 0.4258248507976532}","The conversation shows potential traits of Schizoid, Narcissistic, Avoidant personality disorder(s). Specific probabilities: Schizoid: 52.1%; Narcissistic: 46.2%; Avoidant: 42.6%. Consider professional evaluation if these patterns persist."
"A: I saw a birdwatching group,B: You’ve got binoculars—go!,A: Yeah, but… what if I miss the birds?,B: Everyone does sometimes.,A: I’d feel out of place with pros.,B: They’re just enthusiasts.,A: I’d stay quiet the whole time.,B: Bring me, we’ll spot together.,A: What if they think I’m clueless?,B: They won’t—enjoy it.,A: I’ll watch from my yard.","{'Schizoid': True, 'Narcissistic': True, 'Avoidant': True}","{'Schizoid': 0.5238028764724731, 'Narcissistic': 0.4748571515083313, 'Avoidant': 0.4447839856147766}","The conversation shows potential traits of Schizoid, Narcissistic, Avoidant personality disorder(s). Specific probabilities: Schizoid: 52.4%; Narcissistic: 47.5%; Avoidant: 44.5%. Consider professional evaluation if these patterns persist."
"A: There’s a trivia app meetup,B: You’re a trivia whiz—join!,A: Maybe, but… what if I blank out?,B: It’s a game, not a final.,A: I’d only go if I knew I’d win.,B: It’s for fun—chill.,A: I’d feel dumb with strangers.,B: Start small, just play.,A: What if they laugh at me?,B: They won’t—go for it.,A: I’ll stick to solo trivia.","{'Schizoid': True, 'Narcissistic': True, 'Avoidant': True}","{'Schizoid': 0.5270506739616394, 'Narcissistic': 0.48990190029144287, 'Avoidant': 0.4559161365032196}","The conversation shows potential traits of Schizoid, Narcissistic, Avoidant personality disorder(s). Specific probabilities: Schizoid: 52.7%; Narcissistic: 49.0%; Avoidant: 45.6%. Consider professional evaluation if these patterns persist."
"A: My coworker’s having a party,B: Nice! You should go.,A: I’d like to, but… I don’t know them well.,B: It’s a party—mingle!,A: What if they think I’m weird?,B: They invited you—relax.,A: I’d probably just stand there.,B: I’ll go too, keep it easy.,A: What if I say something dumb?,B: You won’t—have fun.,A: I might skip it.","{'Schizoid': True, 'Narcissistic': True, 'Avoidant': True}","{'Schizoid': 0.5138874053955078, 'Narcissistic': 0.5053014755249023, 'Avoidant': 0.46906420588493347}","The conversation shows potential traits of Schizoid, Narcissistic, Avoidant personality disorder(s). Specific probabilities: Schizoid: 51.4%; Narcissistic: 50.5%; Avoidant: 46.9%. Consider professional evaluation if these patterns persist."
"A: There’s a comic book meetup soon,B: You’re a geek for those—go!,A: I want to, but… what if they quiz me?,B: It’s a meetup, not a test.,A: I’d feel dumb if I don’t know enough.,B: They’d love your passion.,A: I’d probably just lurk quietly.,B: Bring a favorite issue, join in.,A: What if they hate my taste?,B: Taste is personal—don’t sweat it.,A: I’ll stick to reading alone.","{'Schizoid': True, 'Narcissistic': True, 'Avoidant': True}","{'Schizoid': 0.5233802795410156, 'Narcissistic': 0.476586252450943, 'Avoidant': 0.4515387713909149}","The conversation shows potential traits of Schizoid, Narcissistic, Avoidant personality disorder(s). Specific probabilities: Schizoid: 52.3%; Narcissistic: 47.7%; Avoidant: 45.2%. Consider professional evaluation if these patterns persist."
"A: I was thinking of signing up for the community garden, B: That’d be great—you’ve got a knack for plants!, A: Yeah, but… what if the other gardeners think my ideas are silly?, B: They’d probably appreciate fresh input., A: I’d only join if I knew they’d like me first., B: You could just show up and see how it goes—no pressure., A: I’d feel so awkward digging around strangers., B: Everyone’s focused on their plots, not you., A: Still, I’d probably mess up and look clueless., B: You’re too hard on yourself—your herbs are amazing., A: Maybe, but I’d rather garden at home… less judgment.","{'Schizoid': True, 'Narcissistic': True, 'Avoidant': True}","{'Schizoid': 0.49977657198905945, 'Narcissistic': 0.5046688914299011, 'Avoidant': 0.4671410024166107}","The conversation shows potential traits of Schizoid, Narcissistic, Avoidant personality disorder(s). Specific probabilities: Schizoid: 50.0%; Narcissistic: 50.5%; Avoidant: 46.7%. Consider professional evaluation if these patterns persist."
"A: There’s a tech meetup at the coworking space tonight, B: You’re a coder—you should go network!, A: I don’t know… what if they think my projects are basic?, B: Everyone’s there to share, not judge., A: I’d feel out of place with all those startup types., B: Just listen in, no need to pitch anything., A: I’d probably just sit there, too nervous to talk., B: Bring your laptop, show off that app you built., A: What if they laugh at my code?, B: They’d help debug it—give it a shot., A: Nah, I’ll stick to coding solo.","{'Schizoid': True, 'Narcissistic': True, 'Avoidant': True}","{'Schizoid': 0.5114363431930542, 'Narcissistic': 0.4686264395713806, 'Avoidant': 0.44393038749694824}","The conversation shows potential traits of Schizoid, Narcissistic, Avoidant personality disorder(s). Specific probabilities: Schizoid: 51.1%; Narcissistic: 46.9%; Avoidant: 44.4%. Consider professional evaluation if these patterns persist."
"A: My professor suggested I join the debate team, B: You’ve got sharp arguments—perfect fit!, A: Maybe, but… what if I stumble and sound dumb?, B: Happens to everyone—it’s practice., A: I’d only join if I knew I’d win a round., B: Winning’s not the point, it’s the experience., A: I’d feel so exposed up there with everyone watching., B: Start small, just watch a session., A: I’d probably say something stupid anyway., B: Your points are solid—don’t sell yourself short., A: I think I’ll just argue in my head instead.","{'Schizoid': True, 'Narcissistic': True, 'Avoidant': True}","{'Schizoid': 0.5243775248527527, 'Narcissistic': 0.49884775280952454, 'Avoidant': 0.46622902154922485}","The conversation shows potential traits of Schizoid, Narcissistic, Avoidant personality disorder(s). Specific probabilities: Schizoid: 52.4%; Narcissistic: 49.9%; Avoidant: 46.6%. Consider professional evaluation if these patterns persist."
"A: There’s a salsa dancing class at the rec center, B: You love music—why not try it?, A: I do, but… what if I step on someone’s toes?, B: Everyone’s learning, it’s expected., A: I’d feel so awkward with all those confident dancers., B: It’s a beginner class—no pros there., A: I’d probably freeze up and look ridiculous., B: Dance with me first, loosen up., A: What if they think I’m hopeless?, B: They’ll cheer you on—go for it., A: I’ll just sway to music at home.","{'Schizoid': True, 'Narcissistic': True, 'Avoidant': True}","{'Schizoid': 0.51186603307724, 'Narcissistic': 0.5025888681411743, 'Avoidant': 0.4746187925338745}","The conversation shows potential traits of Schizoid, Narcissistic, Avoidant personality disorder(s). Specific probabilities: Schizoid: 51.2%; Narcissistic: 50.3%; Avoidant: 47.5%. Consider professional evaluation if these patterns persist."
"A: My aunt invited me to her knitting circle, B: You’re crafty—that sounds cozy!, A: Yeah, but… what if my stitches are all uneven?, B: They’d love to help you fix them., A: I’d only go if I knew they wouldn’t judge me., B: It’s a circle, not a competition., A: I’d feel so out of place with those older ladies., B: They’re just chatting and knitting—join in., A: I’d probably drop a needle and feel dumb., B: Happens all the time—you’d fit right in., A: Maybe I’ll knit alone for now.","{'Schizoid': True, 'Narcissistic': True, 'Avoidant': True}","{'Schizoid': 0.5012409090995789, 'Narcissistic': 0.48316097259521484, 'Avoidant': 0.4536164700984955}","The conversation shows potential traits of Schizoid, Narcissistic, Avoidant personality disorder(s). Specific probabilities: Schizoid: 50.1%; Narcissistic: 48.3%; Avoidant: 45.4%. Consider professional evaluation if these patterns persist."
"A: There’s a photography walk in the park this weekend, B: Your shots are stunning—you should go!, A: Thanks, but… what if they think my pics are amateur?, B: Everyone’s there to learn and snap., A: I’d feel weird showing my stuff to strangers., B: Just walk along, no need to share yet., A: I’d probably stay quiet and miss the good shots., B: Bring your camera, focus on the scenery., A: What if they criticize my angles?, B: They’d offer tips—try it out., A: I’ll stick to my backyard for now.","{'Schizoid': True, 'Narcissistic': True, 'Avoidant': True}","{'Schizoid': 0.5117226243019104, 'Narcissistic': 0.48813068866729736, 'Avoidant': 0.4516962468624115}","The conversation shows potential traits of Schizoid, Narcissistic, Avoidant personality disorder(s). Specific probabilities: Schizoid: 51.2%; Narcissistic: 48.8%; Avoidant: 45.2%. Consider professional evaluation if these patterns persist."
"A: My gym’s hosting a yoga challenge, B: You’re into fitness—sign up!, A: I am, but… what if I can’t keep up with the poses?, B: It’s a challenge, not a test—everyone’s trying., A: I’d feel so clumsy next to the regulars., B: Plenty of newbies will be there too., A: I’d probably wobble and look silly., B: No one’s watching—just breathe and stretch., A: What if they think I’m out of shape?, B: They’re too busy balancing—go for it., A: I’ll just do yoga at home.","{'Schizoid': True, 'Narcissistic': True, 'Avoidant': True}","{'Schizoid': 0.5175452828407288, 'Narcissistic': 0.5041642189025879, 'Avoidant': 0.4708537459373474}","The conversation shows potential traits of Schizoid, Narcissistic, Avoidant personality disorder(s). Specific probabilities: Schizoid: 51.8%; Narcissistic: 50.4%; Avoidant: 47.1%. Consider professional evaluation if these patterns persist."
"A: There’s a poetry reading at the café downtown, B: You write such deep stuff—read something!, A: Maybe, but… what if they don’t get my poems?, B: They’d love hearing your voice., A: I’d only read if I knew they’d clap., B: It’s a reading, not a critique—relax., A: I’d feel so nervous standing up there., B: Sit in the back first, feel the vibe., A: I’d probably mess up the rhythm anyway., B: Your words are powerful—share them., A: I’ll keep them in my notebook for now.","{'Schizoid': True, 'Narcissistic': True, 'Avoidant': True}","{'Schizoid': 0.5096603631973267, 'Narcissistic': 0.49993038177490234, 'Avoidant': 0.4651157557964325}","The conversation shows potential traits of Schizoid, Narcissistic, Avoidant personality disorder(s). Specific probabilities: Schizoid: 51.0%; Narcissistic: 50.0%; Avoidant: 46.5%. Consider professional evaluation if these patterns persist."
"A: My neighbor’s throwing a block party, B: That sounds lively—you should pop by!, A: I’d like to, but… I don’t know most of them., B: It’s a party—perfect chance to meet people., A: What if they think I’m boring?, B: Bring your smile, they’ll warm up quick., A: I’d probably just stand there awkwardly., B: I’ll go with you, mingle together., A: I’d feel dumb if I said the wrong thing., B: It’s casual—no one’s judging., A: Maybe I’ll just wave from my porch.","{'Schizoid': True, 'Narcissistic': True, 'Avoidant': True}","{'Schizoid': 0.5094672441482544, 'Narcissistic': 0.5007883310317993, 'Avoidant': 0.4711846709251404}","The conversation shows potential traits of Schizoid, Narcissistic, Avoidant personality disorder(s). Specific probabilities: Schizoid: 50.9%; Narcissistic: 50.1%; Avoidant: 47.1%. Consider professional evaluation if these patterns persist."
"A: There’s a chess tournament at the community center, B: You’re a whiz at chess—enter it!, A: I am, but… what if I lose in the first round?, B: Happens to everyone—it’s just for fun., A: I’d feel so out of my league with the pros., B: There’ll be all levels, not just pros., A: I’d probably freeze up during a match., B: Play a few practice games with me first., A: What if they think I’m terrible?, B: They’d respect the effort—give it a go., A: I’ll stick to online games instead.","{'Schizoid': True, 'Narcissistic': True, 'Avoidant': True}","{'Schizoid': 0.5146122574806213, 'Narcissistic': 0.4924341142177582, 'Avoidant': 0.45277076959609985}","The conversation shows potential traits of Schizoid, Narcissistic, Avoidant personality disorder(s). Specific probabilities: Schizoid: 51.5%; Narcissistic: 49.2%; Avoidant: 45.3%. Consider professional evaluation if these patterns persist."
"A: My colleague’s hosting a game night, B: You love board games—sounds fun!, A: I do, but… what if I don’t fit in with her crowd?, B: They invited you—they want you there., A: I’d feel dumb if I lost every round., B: It’s not about winning—just play., A: I’d probably just watch from the side., B: Bring a game you know, join the fun., A: What if they think I’m weird?, B: They’d love your vibe—go for it., A: I’ll play solo online instead.","{'Schizoid': True, 'Narcissistic': True, 'Avoidant': True}","{'Schizoid': 0.5186574459075928, 'Narcissistic': 0.49278464913368225, 'Avoidant': 0.45255228877067566}","The conversation shows potential traits of Schizoid, Narcissistic, Avoidant personality disorder(s). Specific probabilities: Schizoid: 51.9%; Narcissistic: 49.3%; Avoidant: 45.3%. Consider professional evaluation if these patterns persist."
"A: There’s a pottery class at the community center, B: You’re artsy—that’d be cool!, A: Maybe, but… what if my pot collapses?, B: Happens to everyone—it’s clay., A: I’d feel so awkward with the group., B: They’re all molding messes too—relax., A: I’d probably mess up the wheel anyway., B: Watch the teacher first, ease in., A: What if they laugh at my lump?, B: They’d help shape it—try it., A: I’ll stick to doodling for now.","{'Schizoid': True, 'Narcissistic': True, 'Avoidant': True}","{'Schizoid': 0.5154380798339844, 'Narcissistic': 0.5077049136161804, 'Avoidant': 0.47276169061660767}","The conversation shows potential traits of Schizoid, Narcissistic, Avoidant personality disorder(s). Specific probabilities: Schizoid: 51.5%; Narcissistic: 50.8%; Avoidant: 47.3%. Consider professional evaluation if these patterns persist."
"A: My sister wants me to join her book swap, B: You’ve got stacks of novels—perfect!, A: Yeah, but… what if they hate my picks?, B: Everyone’s taste is different—swap away., A: I’d only go if I knew they’d like me., B: They’d love trading with you—chill., A: I’d feel so out of place chatting books., B: Bring a favorite, start there., A: I’d probably say something dumb., B: Your book love shines—go swap., A: I’ll read at home instead.","{'Schizoid': True, 'Narcissistic': True, 'Avoidant': True}","{'Schizoid': 0.525844931602478, 'Narcissistic': 0.4899553656578064, 'Avoidant': 0.4546087384223938}","The conversation shows potential traits of Schizoid, Narcissistic, Avoidant personality disorder(s). Specific probabilities: Schizoid: 52.6%; Narcissistic: 49.0%; Avoidant: 45.5%. Consider professional evaluation if these patterns persist."
"A: There’s a baking class at the bakery, B: Your cookies are killer—sign up!, A: Thanks, but… what if I burn everything?, B: It’s a class—burns happen., A: I’d feel so clumsy with the pros., B: No pros, just bakers like you., A: I’d probably drop dough and look silly., B: Laugh it off, knead with me first., A: What if they think I’m hopeless?, B: They’d taste your talent—try it., A: I’ll bake here for now.","{'Schizoid': True, 'Narcissistic': True, 'Avoidant': True}","{'Schizoid': 0.5170133709907532, 'Narcissistic': 0.5022731423377991, 'Avoidant': 0.4662952721118927}","The conversation shows potential traits of Schizoid, Narcissistic, Avoidant personality disorder(s). Specific probabilities: Schizoid: 51.7%; Narcissistic: 50.2%; Avoidant: 46.6%. Consider professional evaluation if these patterns persist."
"A: My friend’s starting a running group, B: You jog all the time—join them!, A: I do, but… what if I can’t keep up?, B: It’s a group—pace doesn’t matter., A: I’d feel weird panting with strangers., B: They’re runners too—just breathe., A: I’d probably trip and feel dumb., B: Happens on trails—run with me., A: What if they think I’m slow?, B: They’d cheer you on—go for it., A: I’ll stick to my route.","{'Schizoid': True, 'Narcissistic': True, 'Avoidant': True}","{'Schizoid': 0.535046398639679, 'Narcissistic': 0.48769456148147583, 'Avoidant': 0.46316200494766235}","The conversation shows potential traits of Schizoid, Narcissistic, Avoidant personality disorder(s). Specific probabilities: Schizoid: 53.5%; Narcissistic: 48.8%; Avoidant: 46.3%. Consider professional evaluation if these patterns persist."
"A: There’s a music jam at the pub, B: You play guitar—jump in!, A: Yeah, but… what if I hit a wrong note?, B: Jams are messy—it’s fine., A: I’d feel so out of place with the band., B: They’re just players—strum along., A: I’d probably freeze up mid-song., B: Practice a riff with me first., A: What if they think I suck?, B: They’d jam with you—try it., A: I’ll play in my room instead.","{'Schizoid': True, 'Narcissistic': True, 'Avoidant': True}","{'Schizoid': 0.5129060745239258, 'Narcissistic': 0.4884205758571625, 'Avoidant': 0.44969138503074646}","The conversation shows potential traits of Schizoid, Narcissistic, Avoidant personality disorder(s). Specific probabilities: Schizoid: 51.3%; Narcissistic: 48.8%; Avoidant: 45.0%. Consider professional evaluation if these patterns persist."
"A: My teacher suggested a science fair, B: You’re a brainiac—enter it!, A: Maybe, but… what if my project flops?, B: It’s a fair—experiments fail sometimes., A: I’d feel dumb next to the smart kids., B: Everyone’s learning—relax., A: I’d probably stammer explaining it., B: Test it with me, get comfy., A: What if they laugh at it?, B: They’d be impressed—show it., A: I’ll tinker alone for now.","{'Schizoid': True, 'Narcissistic': True, 'Avoidant': True}","{'Schizoid': 0.5263203978538513, 'Narcissistic': 0.4832777678966522, 'Avoidant': 0.4515172839164734}","The conversation shows potential traits of Schizoid, Narcissistic, Avoidant personality disorder(s). Specific probabilities: Schizoid: 52.6%; Narcissistic: 48.3%; Avoidant: 45.2%. Consider professional evaluation if these patterns persist."
"A: There’s a wine tasting downtown, B: You enjoy a good red—go taste!, A: I do, but… what if I guess the notes wrong?, B: No one’s a sommelier—it’s fun., A: I’d feel so awkward sipping with strangers., B: They’re just sipping too—join in., A: I’d probably spill and look clumsy., B: Happens all the time—sip with me., A: What if they think I’m uncultured?, B: They’d share a glass—try it., A: I’ll drink at home instead.","{'Schizoid': True, 'Narcissistic': True, 'Avoidant': True}","{'Schizoid': 0.5237485766410828, 'Narcissistic': 0.5055794715881348, 'Avoidant': 0.4728670120239258}","The conversation shows potential traits of Schizoid, Narcissistic, Avoidant personality disorder(s). Specific probabilities: Schizoid: 52.4%; Narcissistic: 50.6%; Avoidant: 47.3%. Consider professional evaluation if these patterns persist."
"A: My roommate’s throwing a movie night, B: You love films—perfect evening!, A: Yeah, but… what if they hate my pick?, B: They’d enjoy anything—chill., A: I’d feel out of place with her friends., B: They’re just watching—sit with us., A: I’d probably stay quiet the whole time., B: Suggest a classic, join the chat., A: What if they think I’m boring?, B: They’d love your taste—come on., A: I’ll stream solo for now.","{'Schizoid': True, 'Narcissistic': True, 'Avoidant': True}","{'Schizoid': 0.5175954103469849, 'Narcissistic': 0.514972984790802, 'Avoidant': 0.48168379068374634}","The conversation shows potential traits of Schizoid, Narcissistic, Avoidant personality disorder(s). Specific probabilities: Schizoid: 51.8%; Narcissistic: 51.5%; Avoidant: 48.2%. Consider professional evaluation if these patterns persist."
"A: There’s a birdwatching group at the lake, B: You’ve got binoculars—go spot!, A: I do, but… what if I miss all the birds?, B: Happens to everyone—it’s nature., A: I’d feel so clumsy with the pros., B: They’re just birders—relax., A: I’d probably ask a dumb question., B: Questions are welcome—join me., A: What if they think I’m clueless?, B: They’d point out a hawk—try it., A: I’ll watch from my window.","{'Schizoid': True, 'Narcissistic': True, 'Avoidant': True}","{'Schizoid': 0.5188887715339661, 'Narcissistic': 0.5012036561965942, 'Avoidant': 0.4734051823616028}","The conversation shows potential traits of Schizoid, Narcissistic, Avoidant personality disorder(s). Specific probabilities: Schizoid: 51.9%; Narcissistic: 50.1%; Avoidant: 47.3%. Consider professional evaluation if these patterns persist."
"A: My coworker’s hosting a potluck, B: Your chili’s amazing—bring it!, A: Thanks, but… what if they don’t like it?, B: They’d beg for seconds—trust me., A: I’d feel weird serving to strangers., B: They’re coworkers—dig in., A: I’d probably spill something anyway., B: No big deal—dish up with me., A: What if they think it’s bland?, B: They’d spice it up—go for it., A: I’ll cook for myself instead.","{'Schizoid': True, 'Narcissistic': True, 'Avoidant': True}","{'Schizoid': 0.5397768020629883, 'Narcissistic': 0.484830379486084, 'Avoidant': 0.4526345729827881}","The conversation shows potential traits of Schizoid, Narcissistic, Avoidant personality disorder(s). Specific probabilities: Schizoid: 54.0%; Narcissistic: 48.5%; Avoidant: 45.3%. Consider professional evaluation if these patterns persist."
"A: There’s a improv class at the theater, B: You’re funny—try it out!, A: Maybe, but… what if I blank on stage?, B: Everyone does—it’s improv., A: I’d feel so exposed with the actors., B: They’re beginners too—just play., A: I’d probably stumble and look dumb., B: Stumbles are gold—act with me., A: What if they laugh at me?, B: That’s the goal—jump in., A: I’ll joke at home for now.","{'Schizoid': True, 'Narcissistic': True, 'Avoidant': True}","{'Schizoid': 0.5164480805397034, 'Narcissistic': 0.5034565925598145, 'Avoidant': 0.47364291548728943}","The conversation shows potential traits of Schizoid, Narcissistic, Avoidant personality disorder(s). Specific probabilities: Schizoid: 51.6%; Narcissistic: 50.3%; Avoidant: 47.4%. Consider professional evaluation if these patterns persist."
"A: My uncle’s having a fishing trip, B: You love the lake—go cast!, A: I do, but… what if I don’t catch anything?, B: Happens all the time—enjoy it., A: I’d feel out of place with his buddies., B: They’re just fishing—chill., A: I’d probably tangle my line anyway., B: Untangle with me—relax., A: What if they think I’m bad?, B: They’d bait your hook—try it., A: I’ll fish solo instead.","{'Schizoid': True, 'Narcissistic': True, 'Avoidant': True}","{'Schizoid': 0.5195351839065552, 'Narcissistic': 0.4991752505302429, 'Avoidant': 0.4696546196937561}","The conversation shows potential traits of Schizoid, Narcissistic, Avoidant personality disorder(s). Specific probabilities: Schizoid: 52.0%; Narcissistic: 49.9%; Avoidant: 47.0%. Consider professional evaluation if these patterns persist."
"A: There’s a coding hackathon this weekend, B: You’re a techie—join the fun!, A: Yeah, but… what if my app crashes?, B: Happens at hackathons—debug it., A: I’d feel dumb with the pros., B: Plenty of newbies too—code on., A: I’d probably freeze up pitching., B: Test it with me first—go for it., A: What if they laugh at it?, B: They’d help fix it—try it., A: I’ll code alone for now.","{'Schizoid': True, 'Narcissistic': True, 'Avoidant': True}","{'Schizoid': 0.5215290188789368, 'Narcissistic': 0.4889134168624878, 'Avoidant': 0.46037450432777405}","The conversation shows potential traits of Schizoid, Narcissistic, Avoidant personality disorder(s). Specific probabilities: Schizoid: 52.2%; Narcissistic: 48.9%; Avoidant: 46.0%. Consider professional evaluation if these patterns persist."
"A: My friend’s starting a book club, B: You read tons—perfect fit!, A: I do, but… what if they hate my suggestions?, B: They’d love your picks—share one., A: I’d feel so awkward with her group., B: They’re just readers—join in., A: I’d probably mispronounce something., B: No one cares—chat books with me., A: What if they think I’m dull?, B: They’d adore your insights—go., A: I’ll read by myself instead.","{'Schizoid': True, 'Narcissistic': True, 'Avoidant': True}","{'Schizoid': 0.5239500999450684, 'Narcissistic': 0.5036752820014954, 'Avoidant': 0.46768495440483093}","The conversation shows potential traits of Schizoid, Narcissistic, Avoidant personality disorder(s). Specific probabilities: Schizoid: 52.4%; Narcissistic: 50.4%; Avoidant: 46.8%. Consider professional evaluation if these patterns persist."
"A: There’s a gardening workshop at the nursery, B: Your flowers bloom—sign up!, A: Thanks, but… what if my plants die?, B: It’s a workshop—learning happens., A: I’d feel clumsy with the experts., B: They’re gardeners like you—dig in., A: I’d probably prune wrong anyway., B: They’d show you—try it., A: What if they think I’m hopeless?, B: They’d root for you—go., A: I’ll tend my yard instead.","{'Schizoid': True, 'Narcissistic': True, 'Avoidant': True}","{'Schizoid': 0.5156139135360718, 'Narcissistic': 0.4894844889640808, 'Avoidant': 0.45813411474227905}","The conversation shows potential traits of Schizoid, Narcissistic, Avoidant personality disorder(s). Specific probabilities: Schizoid: 51.6%; Narcissistic: 48.9%; Avoidant: 45.8%. Consider professional evaluation if these patterns persist."
"A: My classmate’s hosting a study group, B: You’re smart—join them!, A: Maybe, but… what if I don’t get the material?, B: That’s why it’s a group—help each other., A: I’d feel dumb asking questions., B: Everyone’s learning—relax., A: I’d probably just listen quietly., B: Toss in an idea, study with me., A: What if they think I’m slow?, B: They’d tutor you—try it., A: I’ll study alone for now.","{'Schizoid': True, 'Narcissistic': True, 'Avoidant': True}","{'Schizoid': 0.5167833566665649, 'Narcissistic': 0.5003292560577393, 'Avoidant': 0.4652130901813507}","The conversation shows potential traits of Schizoid, Narcissistic, Avoidant personality disorder(s). Specific probabilities: Schizoid: 51.7%; Narcissistic: 50.0%; Avoidant: 46.5%. Consider professional evaluation if these patterns persist."
"A: There’s a calligraphy class at the library, B: Your handwriting’s neat—go for it!, A: Yeah, but… what if my letters wobble?, B: It’s a class—wobbles are fine., A: I’d feel so awkward with the group., B: They’re all scribbling—chill., A: I’d probably smudge ink everywhere., B: Smudges happen—write with me., A: What if they think it’s messy?, B: They’d guide you—try it., A: I’ll practice at home instead.","{'Schizoid': True, 'Narcissistic': True, 'Avoidant': True}","{'Schizoid': 0.5264174342155457, 'Narcissistic': 0.5029627084732056, 'Avoidant': 0.46421918272972107}","The conversation shows potential traits of Schizoid, Narcissistic, Avoidant personality disorder(s). Specific probabilities: Schizoid: 52.6%; Narcissistic: 50.3%; Avoidant: 46.4%. Consider professional evaluation if these patterns persist."
"A: My neighbor’s throwing a barbecue, B: Free food—why not go?, A: I’d like to, but… I don’t know his friends., B: It’s a barbecue—mingle over burgers., A: What if they think I’m awkward?, B: They’d pass you a plate—relax., A: I’d probably stand there silently., B: Chat with me, grab a drink., A: What if I spill sauce on myself?, B: Laugh it off—join the party., A: I’ll eat at home instead.","{'Schizoid': True, 'Narcissistic': True, 'Avoidant': True}","{'Schizoid': 0.5257647633552551, 'Narcissistic': 0.4783461391925812, 'Avoidant': 0.44908982515335083}","The conversation shows potential traits of Schizoid, Narcissistic, Avoidant personality disorder(s). Specific probabilities: Schizoid: 52.6%; Narcissistic: 47.8%; Avoidant: 44.9%. Consider professional evaluation if these patterns persist."
"A: There’s a skating meetup at the rink, B: You’ve got wheels—roll in!, A: I do, but… what if I fall flat?, B: Everyone falls—it’s skating., A: I’d feel so clumsy with the cool kids., B: They’re just gliding—join them., A: I’d probably crash and look dumb., B: Skate with me, take it slow., A: What if they laugh at me?, B: They’d help you up—try it., A: I’ll roll in my driveway instead.","{'Schizoid': True, 'Narcissistic': True, 'Avoidant': True}","{'Schizoid': 0.5217165946960449, 'Narcissistic': 0.4733448624610901, 'Avoidant': 0.45150670409202576}","The conversation shows potential traits of Schizoid, Narcissistic, Avoidant personality disorder(s). Specific probabilities: Schizoid: 52.2%; Narcissistic: 47.3%; Avoidant: 45.2%. Consider professional evaluation if these patterns persist."
"A: My boss suggested I lead a training session, B: You know your stuff—great chance!, A: Yeah, but… what if they don’t like my style?, B: They’d learn from you—trust me., A: I’d feel so nervous in the spotlight., B: Prep with me, you’ll shine., A: I’d probably forget half my points., B: Write a script—keep it simple., A: What if they think I’m boring?, B: They’d value it—give it a go., A: I’ll just train one-on-one instead.","{'Schizoid': True, 'Narcissistic': True, 'Avoidant': True}","{'Schizoid': 0.5192406177520752, 'Narcissistic': 0.500400722026825, 'Avoidant': 0.4571354389190674}","The conversation shows potential traits of Schizoid, Narcissistic, Avoidant personality disorder(s). Specific probabilities: Schizoid: 51.9%; Narcissistic: 50.0%; Avoidant: 45.7%. Consider professional evaluation if these patterns persist."
"A: There’s a film festival this weekend, B: You’re a cinephile—perfect day out!, A: I am, but… what if I don’t get the plots?, B: No one gets it all—enjoy it., A: I’d feel dumb chatting with film buffs., B: They’re just watching too—relax., A: I’d probably stay quiet anyway., B: Pick a flick with me, discuss after., A: What if they think I’m shallow?, B: They’d love your take—go see., A: I’ll stream at home instead.","{'Schizoid': True, 'Narcissistic': True, 'Avoidant': True}","{'Schizoid': 0.5271084904670715, 'Narcissistic': 0.47784221172332764, 'Avoidant': 0.4463302791118622}","The conversation shows potential traits of Schizoid, Narcissistic, Avoidant personality disorder(s). Specific probabilities: Schizoid: 52.7%; Narcissistic: 47.8%; Avoidant: 44.6%. Consider professional evaluation if these patterns persist."
"A: My friend’s hosting a karaoke night, B: You’ve got a voice—sing it!, A: Maybe, but… what if I crack on the high notes?, B: Everyone does—it’s karaoke., A: I’d feel so awkward with her crew., B: They’re just belting—join in., A: I’d probably pick a bad song anyway., B: Sing a duet with me—fun vibes., A: What if they boo me?, B: They’d cheer—try it out., A: I’ll hum in my room instead.","{'Schizoid': True, 'Narcissistic': True, 'Avoidant': True}","{'Schizoid': 0.5150049328804016, 'Narcissistic': 0.5063296556472778, 'Avoidant': 0.47483178973197937}","The conversation shows potential traits of Schizoid, Narcissistic, Avoidant personality disorder(s). Specific probabilities: Schizoid: 51.5%; Narcissistic: 50.6%; Avoidant: 47.5%. Consider professional evaluation if these patterns persist."
"A: There’s a craft fair at the market, B: Your stuff’s cute—sell something!, A: Thanks, but… what if no one buys?, B: They’d snap it up—trust me., A: I’d feel so out of place with vendors., B: They’re just crafters—set up., A: I’d probably price it wrong anyway., B: Tag it with me, keep it easy., A: What if they think it’s junk?, B: They’d adore it—go for it., A: I’ll gift it instead.","{'Schizoid': True, 'Narcissistic': True, 'Avoidant': True}","{'Schizoid': 0.5262167453765869, 'Narcissistic': 0.49691328406333923, 'Avoidant': 0.45118197798728943}","The conversation shows potential traits of Schizoid, Narcissistic, Avoidant personality disorder(s). Specific probabilities: Schizoid: 52.6%; Narcissistic: 49.7%; Avoidant: 45.1%. Consider professional evaluation if these patterns persist."
"A: My pastor’s starting a choir, B: You sing so well—join up!, A: I do, but… what if I’m off-key?, B: Choirs blend—nobody’s perfect., A: I’d feel weird with the church folks., B: They’re just singing—fit right in., A: I’d probably mess up the hymn., B: Practice with me—harmonize., A: What if they think I’m flat?, B: They’d tune you up—try it., A: I’ll sing at home for now.","{'Schizoid': True, 'Narcissistic': True, 'Avoidant': True}","{'Schizoid': 0.5014142990112305, 'Narcissistic': 0.4977242052555084, 'Avoidant': 0.4701715409755707}","The conversation shows potential traits of Schizoid, Narcissistic, Avoidant personality disorder(s). Specific probabilities: Schizoid: 50.1%; Narcissistic: 49.8%; Avoidant: 47.0%. Consider professional evaluation if these patterns persist."
"A: There’s a biking event in the park, B: You ride every day—pedal over!, A: Yeah, but… what if I lag behind?, B: It’s a ride, not a sprint—chill., A: I’d feel clumsy with the group., B: They’re just cycling—roll along., A: I’d probably wobble and look silly., B: Bike with me, steady pace., A: What if they think I’m weak?, B: They’d cheer you on—go., A: I’ll ride my block instead.","{'Schizoid': True, 'Narcissistic': True, 'Avoidant': True}","{'Schizoid': 0.5157127976417542, 'Narcissistic': 0.5072107315063477, 'Avoidant': 0.47121483087539673}","The conversation shows potential traits of Schizoid, Narcissistic, Avoidant personality disorder(s). Specific probabilities: Schizoid: 51.6%; Narcissistic: 50.7%; Avoidant: 47.1%. Consider professional evaluation if these patterns persist."
"A: My mentor wants me to speak at a seminar, B: You’re insightful—great gig!, A: Maybe, but… what if they don’t like my talk?, B: They’d eat it up—you’re good., A: I’d feel so exposed on stage., B: Rehearse with me—nail it., A: I’d probably trip over my words., B: Keep it short—you’ve got this., A: What if they think I’m dull?, B: They’d learn something—try it., A: I’ll write an article instead.","{'Schizoid': True, 'Narcissistic': True, 'Avoidant': True}","{'Schizoid': 0.5285634994506836, 'Narcissistic': 0.5149195790290833, 'Avoidant': 0.4709766209125519}","The conversation shows potential traits of Schizoid, Narcissistic, Avoidant personality disorder(s). Specific probabilities: Schizoid: 52.9%; Narcissistic: 51.5%; Avoidant: 47.1%. Consider professional evaluation if these patterns persist."
"A: There’s a cooking demo at the store, B: You love food—check it out!, A: I do, but… what if I can’t follow along?, B: It’s a demo—just watch and eat., A: I’d feel dumb asking questions., B: Everyone’s curious—ask away., A: I’d probably stand there silently., B: Taste with me, no pressure., A: What if they think I’m clueless?, B: They’d share a recipe—go., A: I’ll cook at home instead.","{'Schizoid': True, 'Narcissistic': True, 'Avoidant': True}","{'Schizoid': 0.5213260650634766, 'Narcissistic': 0.5074142813682556, 'Avoidant': 0.4670753479003906}","The conversation shows potential traits of Schizoid, Narcissistic, Avoidant personality disorder(s). Specific probabilities: Schizoid: 52.1%; Narcissistic: 50.7%; Avoidant: 46.7%. Consider professional evaluation if these patterns persist."
"A: My niece’s school has a talent show, B: You juggle—perform for her!, A: Yeah, but… what if I drop the balls?, B: Kids love mess-ups—laugh it off., A: I’d feel so awkward with parents watching., B: They’re just cheering—relax., A: I’d probably fumble the whole act., B: Toss with me first—fun bit., A: What if they think I’m lame?, B: They’d clap for you—do it., A: I’ll juggle for her at home.","{'Schizoid': True, 'Narcissistic': True, 'Avoidant': True}","{'Schizoid': 0.516898512840271, 'Narcissistic': 0.5145886540412903, 'Avoidant': 0.4786832928657532}","The conversation shows potential traits of Schizoid, Narcissistic, Avoidant personality disorder(s). Specific probabilities: Schizoid: 51.7%; Narcissistic: 51.5%; Avoidant: 47.9%. Consider professional evaluation if these patterns persist."
"A: There’s a astronomy club meeting, B: You love stars—join them!, A: I do, but… what if I mix up the constellations?, B: Happens all the time—learn there., A: I’d feel out of place with the nerds., B: They’re stargazers like you—chill., A: I’d probably ask something dumb., B: Questions are cool—gaze with me., A: What if they think I’m ignorant?, B: They’d point out Orion—try it., A: I’ll stargaze alone instead.","{'Schizoid': True, 'Narcissistic': True, 'Avoidant': True}","{'Schizoid': 0.515377938747406, 'Narcissistic': 0.5030129551887512, 'Avoidant': 0.46449366211891174}","The conversation shows potential traits of Schizoid, Narcissistic, Avoidant personality disorder(s). Specific probabilities: Schizoid: 51.5%; Narcissistic: 50.3%; Avoidant: 46.4%. Consider professional evaluation if these patterns persist."
"A: My coworker’s throwing a baby shower, B: You’re sweet—go celebrate!, A: Maybe, but… I don’t know her friends., B: It’s a shower—everyone’s friendly., A: What if they think my gift’s cheap?, B: They’d love it—thought counts., A: I’d feel so awkward chatting., B: Bring a card, mingle with me., A: I’d probably say something odd., B: They’d smile—relax., A: I’ll send a present instead.","{'Schizoid': True, 'Narcissistic': True, 'Avoidant': True}","{'Schizoid': 0.517614483833313, 'Narcissistic': 0.5095559358596802, 'Avoidant': 0.4733069837093353}","The conversation shows potential traits of Schizoid, Narcissistic, Avoidant personality disorder(s). Specific probabilities: Schizoid: 51.8%; Narcissistic: 51.0%; Avoidant: 47.3%. Consider professional evaluation if these patterns persist."
"A: There’s a dance party at the club, B: You’ve got moves—dance it up!, A: Yeah, but… what if I look stiff?, B: Everyone’s grooving—no one cares., A: I’d feel dumb with the cool crowd., B: They’re just dancing—join in., A: I’d probably trip over my feet., B: Sway with me—keep it chill., A: What if they laugh at me?, B: They’d vibe with you—go., A: I’ll dance in my room instead.","{'Schizoid': True, 'Narcissistic': True, 'Avoidant': True}","{'Schizoid': 0.522388219833374, 'Narcissistic': 0.49067452549934387, 'Avoidant': 0.4585927426815033}","The conversation shows potential traits of Schizoid, Narcissistic, Avoidant personality disorder(s). Specific probabilities: Schizoid: 52.2%; Narcissistic: 49.1%; Avoidant: 45.9%. Consider professional evaluation if these patterns persist."
"A: My landlord’s hosting a tenant meeting, B: Good chance to meet neighbors—go!, A: I guess, but… what if I sound boring?, B: They’d like hearing from you., A: I’d feel so out of place there., B: It’s just tenants—sit in., A: I’d probably mumble my input., B: Speak up with me—easy stuff., A: What if they think I’m weird?, B: They’d nod along—try it., A: I’ll email my thoughts instead.","{'Schizoid': True, 'Narcissistic': True, 'Avoidant': True}","{'Schizoid': 0.5124948024749756, 'Narcissistic': 0.55552077293396, 'Avoidant': 0.5232732892036438}","The conversation shows potential traits of Schizoid, Narcissistic, Avoidant personality disorder(s). Specific probabilities: Schizoid: 51.2%; Narcissistic: 55.6%; Avoidant: 52.3%. Consider professional evaluation if these patterns persist."
"A: There’s a sculpture class at the gallery, B: You’re creative—mold something!, A: Maybe, but… what if mine’s a blob?, B: It’s a class—blobs happen., A: I’d feel clumsy with the artists., B: They’re learners too—relax., A: I’d probably break it anyway., B: Shape with me—keep it fun., A: What if they think it’s ugly?, B: They’d help you—try it., A: I’ll sketch at home instead.","{'Schizoid': True, 'Narcissistic': True, 'Avoidant': True}","{'Schizoid': 0.5155512094497681, 'Narcissistic': 0.5070014595985413, 'Avoidant': 0.46225765347480774}","The conversation shows potential traits of Schizoid, Narcissistic, Avoidant personality disorder(s). Specific probabilities: Schizoid: 51.6%; Narcissistic: 50.7%; Avoidant: 46.2%. Consider professional evaluation if these patterns persist."
"A: My brother’s starting a car meet, B: You love cars—check it out!, A: I do, but… what if I don’t know enough?, B: It’s a meet—chat and learn., A: I’d feel dumb with the gearheads., B: They’re just enthusiasts—chill., A: I’d probably say something off., B: Talk engines with me—easy., A: What if they think I’m clueless?, B: They’d rev you up—go., A: I’ll watch car vids instead.","{'Schizoid': True, 'Narcissistic': True, 'Avoidant': True}","{'Schizoid': 0.5208832621574402, 'Narcissistic': 0.4962308704853058, 'Avoidant': 0.46595507860183716}","The conversation shows potential traits of Schizoid, Narcissistic, Avoidant personality disorder(s). Specific probabilities: Schizoid: 52.1%; Narcissistic: 49.6%; Avoidant: 46.6%. Consider professional evaluation if these patterns persist."
"A: There’s a writing group at the bookstore, B: You scribble all the time—join!, A: Yeah, but… what if they hate my story?, B: They’d love your twist—share it., A: I’d feel so nervous reading aloud., B: Listen first—ease in., A: I’d probably stutter through it., B: Read to me first—practice., A: What if they think I’m bad?, B: They’d edit with you—try it., A: I’ll write alone for now.","{'Schizoid': True, 'Narcissistic': True, 'Avoidant': True}","{'Schizoid': 0.5188059210777283, 'Narcissistic': 0.5077152848243713, 'Avoidant': 0.4658754765987396}","The conversation shows potential traits of Schizoid, Narcissistic, Avoidant personality disorder(s). Specific probabilities: Schizoid: 51.9%; Narcissistic: 50.8%; Avoidant: 46.6%. Consider professional evaluation if these patterns persist."
"A: My friend’s hosting a costume party, B: You’re crafty—dress up!, A: Maybe, but… what if my outfit’s lame?, B: Everyone’s goofy—it’s a party., A: I’d feel weird with her crowd., B: They’re in costumes too—blend in., A: BC: I’d probably trip in it anyway., B: Strut with me—laugh it off., A: What if they think I’m silly?, B: That’s the point—go., A: I’ll dress up at home instead.","{'Schizoid': True, 'Narcissistic': True, 'Avoidant': True}","{'Schizoid': 0.5152317881584167, 'Narcissistic': 0.5105279088020325, 'Avoidant': 0.48230069875717163}","The conversation shows potential traits of Schizoid, Narcissistic, Avoidant personality disorder(s). Specific probabilities: Schizoid: 51.5%; Narcissistic: 51.1%; Avoidant: 48.2%. Consider professional evaluation if these patterns persist."
"A: There’s a rock climbing day at the gym, B: You’re fit—climb on!, A: I am, but… what if I slip off?, B: Everyone slips—grab again., A: I’d feel clumsy with the pros., B: They’re just climbers—relax., A: I’d probably freeze halfway up., B: Climb with me—slow pace., A: What if they think I’m weak?, B: They’d spot you—try it., A: I’ll lift weights instead.","{'Schizoid': True, 'Narcissistic': True, 'Avoidant': True}","{'Schizoid': 0.5258644223213196, 'Narcissistic': 0.4886570870876312, 'Avoidant': 0.459868460893631}","The conversation shows potential traits of Schizoid, Narcissistic, Avoidant personality disorder(s). Specific probabilities: Schizoid: 52.6%; Narcissistic: 48.9%; Avoidant: 46.0%. Consider professional evaluation if these patterns persist."
"A: My teacher’s starting a math club, B: You’re a numbers whiz—join!, A: Yeah, but… what if I solve it wrong?, B: It’s a club—mistakes happen., A: I’d feel dumb with the brainiacs., B: They’re just math fans—chill., A: I’d probably blank out anyway., B: Puzzle with me first—fun stuff., A: What if they think I’m slow?, B: They’d work it out with you—go., A: I’ll crunch numbers alone.","{'Schizoid': True, 'Narcissistic': True, 'Avoidant': True}","{'Schizoid': 0.5195784568786621, 'Narcissistic': 0.5043571591377258, 'Avoidant': 0.47584205865859985}","The conversation shows potential traits of Schizoid, Narcissistic, Avoidant personality disorder(s). Specific probabilities: Schizoid: 52.0%; Narcissistic: 50.4%; Avoidant: 47.6%. Consider professional evaluation if these patterns persist."
"A: There’s a tea tasting at the shop, B: You love tea—sip some!, A: I do, but… what if I pick the wrong flavor?, B: No wrong picks—just taste., A: I’d feel so awkward with strangers., B: They’re just sipping—join in., A: I’d probably spill it anyway., B: Sip with me—keep it calm., A: What if they think I’m uncultured?, B: They’d pour you more—try it., A: I’ll brew at home instead.","{'Schizoid': True, 'Narcissistic': True, 'Avoidant': True}","{'Schizoid': 0.5283676981925964, 'Narcissistic': 0.4827440083026886, 'Avoidant': 0.4493693709373474}","The conversation shows potential traits of Schizoid, Narcissistic, Avoidant personality disorder(s). Specific probabilities: Schizoid: 52.8%; Narcissistic: 48.3%; Avoidant: 44.9%. Consider professional evaluation if these patterns persist."
"A: I got invited to a coworker's birthday party,B: That's nice! You should go—it’ll be fun.,A: I don’t know… I barely know anyone there.,B: But it’s a chance to meet people, right?,A: What if I say something awkward or just stand there alone?,B: You won’t! And even if you do, who cares?,A: I care. I hate feeling like the odd one out.,B: Everyone feels that way sometimes.,A: Not like I do. I’d rather just stay home.","{'Schizoid': True, 'Narcissistic': True, 'Avoidant': True}","{'Schizoid': 0.5170118808746338, 'Narcissistic': 0.46917611360549927, 'Avoidant': 0.450282484292984}","The conversation shows potential traits of Schizoid, Narcissistic, Avoidant personality disorder(s). Specific probabilities: Schizoid: 51.7%; Narcissistic: 46.9%; Avoidant: 45.0%. Consider professional evaluation if these patterns persist."
"A: My friend wants to set me up on a blind date,B: Ooh, exciting! When’s the date?,A: I don’t think I’m going.,B: Why not? You never know—it could be great.,A: Or it could be awful. What if they don’t like me?,B: Then it’s their loss, not yours.,A: It’s not that simple… I’m terrible at first meetings.,B: You’re overthinking it.,A: I just know I’ll freeze up and look stupid.","{'Schizoid': True, 'Narcissistic': True, 'Avoidant': True}","{'Schizoid': 0.508908212184906, 'Narcissistic': 0.5036315321922302, 'Avoidant': 0.47148212790489197}","The conversation shows potential traits of Schizoid, Narcissistic, Avoidant personality disorder(s). Specific probabilities: Schizoid: 50.9%; Narcissistic: 50.4%; Avoidant: 47.1%. Consider professional evaluation if these patterns persist."
"A: There’s a writing contest at work—should I enter?,B: Absolutely! Your drafts are always solid.,A: But what if everyone reads it and thinks it’s bad?,B: That’s what contests are for—sharing work.,A: I’d rather not risk the embarrassment.,B: You won’t know unless you try.,A: I already know I’ll compare poorly to others.,B: Stop that! You’re your own worst critic.","{'Schizoid': True, 'Narcissistic': True, 'Avoidant': True}","{'Schizoid': 0.5133593082427979, 'Narcissistic': 0.4679906964302063, 'Avoidant': 0.4279639720916748}","The conversation shows potential traits of Schizoid, Narcissistic, Avoidant personality disorder(s). Specific probabilities: Schizoid: 51.3%; Narcissistic: 46.8%; Avoidant: 42.8%. Consider professional evaluation if these patterns persist."
"A: My neighbor asked if I wanted to join their book club,B: You love reading—go for it!,A: But they’ve all been friends for years… I’d be intruding.,B: They invited you, so they want you there.,A: I’d probably say something dumb about the book.,B: Or something insightful!,A: Doubt it. I’ll just stick to reading alone.","{'Schizoid': True, 'Narcissistic': True, 'Avoidant': True}","{'Schizoid': 0.5236713886260986, 'Narcissistic': 0.4683382213115692, 'Avoidant': 0.44322332739830017}","The conversation shows potential traits of Schizoid, Narcissistic, Avoidant personality disorder(s). Specific probabilities: Schizoid: 52.4%; Narcissistic: 46.8%; Avoidant: 44.3%. Consider professional evaluation if these patterns persist."
"A: I was thinking of volunteering at the animal shelter,B: That’s so sweet! You’d be great.,A: But I’d have to work with the other volunteers…,B: And? They’re probably nice.,A: What if they think I’m weird or bad with the animals?,B: You’re catastrophizing.,A: I just know I’ll mess up somehow.","{'Schizoid': True, 'Narcissistic': True, 'Avoidant': True}","{'Schizoid': 0.507754921913147, 'Narcissistic': 0.49141353368759155, 'Avoidant': 0.4578133821487427}","The conversation shows potential traits of Schizoid, Narcissistic, Avoidant personality disorder(s). Specific probabilities: Schizoid: 50.8%; Narcissistic: 49.1%; Avoidant: 45.8%. Consider professional evaluation if these patterns persist."
"A: There’s a promotion opening in my department,B: You should apply! You’re totally qualified.,A: It’d mean more meetings and presentations…,B: So? You’ve handled small ones before.,A: Barely. My hands shake the whole time.,B: Practice makes perfect.,A: Or proves I’m not cut out for it.","{'Schizoid': True, 'Narcissistic': True, 'Avoidant': True}","{'Schizoid': 0.5103187561035156, 'Narcissistic': 0.516701340675354, 'Avoidant': 0.4737050533294678}","The conversation shows potential traits of Schizoid, Narcissistic, Avoidant personality disorder(s). Specific probabilities: Schizoid: 51.0%; Narcissistic: 51.7%; Avoidant: 47.4%. Consider professional evaluation if these patterns persist."
"A: My cousin wants me to be in her wedding,B: That’s an honor! You’ll have fun.,A: Walking down the aisle with strangers staring?,B: They’ll be looking at the bride, not you.,A: I’ll still feel like a spectacle.,B: It’s one day—you’ll survive.,A: Or I’ll trip and ruin everything.","{'Schizoid': True, 'Narcissistic': True, 'Avoidant': True}","{'Schizoid': 0.5207171440124512, 'Narcissistic': 0.48377376794815063, 'Avoidant': 0.4391026496887207}","The conversation shows potential traits of Schizoid, Narcissistic, Avoidant personality disorder(s). Specific probabilities: Schizoid: 52.1%; Narcissistic: 48.4%; Avoidant: 43.9%. Consider professional evaluation if these patterns persist."
"A: I was asked to mentor the new hire,B: Cool! You’re so patient—perfect for it.,A: What if I give them wrong advice?,B: You won’t; you know your stuff.,A: But I’m not good at explaining things.,B: They’re new—they won’t judge.,A: I’d rather not risk failing them.","{'Schizoid': True, 'Narcissistic': True, 'Avoidant': True}","{'Schizoid': 0.5177433490753174, 'Narcissistic': 0.48769211769104004, 'Avoidant': 0.45543399453163147}","The conversation shows potential traits of Schizoid, Narcissistic, Avoidant personality disorder(s). Specific probabilities: Schizoid: 51.8%; Narcissistic: 48.8%; Avoidant: 45.5%. Consider professional evaluation if these patterns persist."
"A: There’s a group hike this weekend,B: You love hiking! It’ll be fun.,A: But I don’t know the group well.,B: You’ll bond over nature.,A: Or lag behind and feel left out.,B: Then set the pace!,A: I’d rather go alone.","{'Schizoid': True, 'Narcissistic': True, 'Avoidant': True}","{'Schizoid': 0.5214576721191406, 'Narcissistic': 0.4421394467353821, 'Avoidant': 0.4270620048046112}","The conversation shows potential traits of Schizoid, Narcissistic, Avoidant personality disorder(s). Specific probabilities: Schizoid: 52.1%; Narcissistic: 44.2%; Avoidant: 42.7%. Consider professional evaluation if these patterns persist."
"A: My friend wants me to karaoke with her,B: Do it! You have a nice voice.,A: And humiliate myself in public?,B: It’s just for fun—no one’s judging.,A: They’d definitely judge.,B: You’re imagining the worst.,A: Because the worst usually happens.","{'Schizoid': True, 'Narcissistic': True, 'Avoidant': True}","{'Schizoid': 0.5242767930030823, 'Narcissistic': 0.4816584587097168, 'Avoidant': 0.4425579905509949}","The conversation shows potential traits of Schizoid, Narcissistic, Avoidant personality disorder(s). Specific probabilities: Schizoid: 52.4%; Narcissistic: 48.2%; Avoidant: 44.3%. Consider professional evaluation if these patterns persist."
"A: My friend invited me to a game night with her friends,B: That sounds fun! You love board games.,A: Yeah, but I don’t know them… what if I say something stupid?,B: It’s just games—no one’s analyzing you.,A: I always feel like I’m being judged.,B: That’s in your head, not theirs.,A: Maybe, but I’d rather not risk it.","{'Schizoid': True, 'Narcissistic': True, 'Avoidant': True}","{'Schizoid': 0.5135901570320129, 'Narcissistic': 0.468022882938385, 'Avoidant': 0.4368504285812378}","The conversation shows potential traits of Schizoid, Narcissistic, Avoidant personality disorder(s). Specific probabilities: Schizoid: 51.4%; Narcissistic: 46.8%; Avoidant: 43.7%. Consider professional evaluation if these patterns persist."
"A: There’s a public speaking workshop next week,B: You’ve been wanting to improve—this is perfect!,A: But standing in front of people? No way.,B: Everyone there is nervous too.,A: They’ll still notice if I mess up.,B: So what? It’s a learning space.,A: I’d rather just watch videos at home.","{'Schizoid': True, 'Narcissistic': True, 'Avoidant': True}","{'Schizoid': 0.5162107348442078, 'Narcissistic': 0.4656623303890228, 'Avoidant': 0.4354766607284546}","The conversation shows potential traits of Schizoid, Narcissistic, Avoidant personality disorder(s). Specific probabilities: Schizoid: 51.6%; Narcissistic: 46.6%; Avoidant: 43.5%. Consider professional evaluation if these patterns persist."
"A: My coworker suggested we grab lunch together,B: Nice! You two get along well.,A: What if we run out of things to talk about?,B: Then it’s just a quiet meal—no big deal.,A: It’d be so awkward…,B: Only if you make it awkward.,A: I always do.","{'Schizoid': True, 'Narcissistic': True, 'Avoidant': True}","{'Schizoid': 0.5306347608566284, 'Narcissistic': 0.45902493596076965, 'Avoidant': 0.4284195899963379}","The conversation shows potential traits of Schizoid, Narcissistic, Avoidant personality disorder(s). Specific probabilities: Schizoid: 53.1%; Narcissistic: 45.9%; Avoidant: 42.8%. Consider professional evaluation if these patterns persist."
"A: I was thinking of joining a gym,B: Great idea! It’d be good for you.,A: But everyone there looks so fit… I’d stand out.,B: Nobody cares—they’re focused on themselves.,A: I’d still feel like they’re laughing at me.,B: That’s your anxiety talking.,A: Doesn’t make it less real.","{'Schizoid': True, 'Narcissistic': True, 'Avoidant': True}","{'Schizoid': 0.5330775380134583, 'Narcissistic': 0.45407918095588684, 'Avoidant': 0.428348183631897}","The conversation shows potential traits of Schizoid, Narcissistic, Avoidant personality disorder(s). Specific probabilities: Schizoid: 53.3%; Narcissistic: 45.4%; Avoidant: 42.8%. Consider professional evaluation if these patterns persist."
"A: My sister wants me to meet her new boyfriend,B: Awesome! You’ll like him, I bet.,A: What if he thinks I’m weird or boring?,B: Why would he think that?,A: Because I freeze up around new people.,B: Just be yourself.,A: Myself isn’t good enough.","{'Schizoid': True, 'Narcissistic': True, 'Avoidant': True}","{'Schizoid': 0.5076654553413391, 'Narcissistic': 0.45622718334198, 'Avoidant': 0.4379119575023651}","The conversation shows potential traits of Schizoid, Narcissistic, Avoidant personality disorder(s). Specific probabilities: Schizoid: 50.8%; Narcissistic: 45.6%; Avoidant: 43.8%. Consider professional evaluation if these patterns persist."
"A: There’s a networking event for my industry,B: Perfect chance to make connections!,A: Or to embarrass myself in front of professionals.,B: They’re just people too.,A: People who’ll remember if I screw up.,B: You’re overestimating their interest.,A: I’m not risking my reputation.","{'Schizoid': True, 'Narcissistic': True, 'Avoidant': True}","{'Schizoid': 0.5274937152862549, 'Narcissistic': 0.47594982385635376, 'Avoidant': 0.43809157609939575}","The conversation shows potential traits of Schizoid, Narcissistic, Avoidant personality disorder(s). Specific probabilities: Schizoid: 52.7%; Narcissistic: 47.6%; Avoidant: 43.8%. Consider professional evaluation if these patterns persist."
"A: My roommate asked if I want to host a small party,B: Could be fun! You’ve got a great place.,A: What if no one talks to each other? Or they hate it?,B: Then it’s a chill night—no pressure.,A: I’d obsess over every awkward silence.,B: That’s normal for hosts!,A: Not worth the stress.","{'Schizoid': True, 'Narcissistic': True, 'Avoidant': True}","{'Schizoid': 0.5338085293769836, 'Narcissistic': 0.46676450967788696, 'Avoidant': 0.43328365683555603}","The conversation shows potential traits of Schizoid, Narcissistic, Avoidant personality disorder(s). Specific probabilities: Schizoid: 53.4%; Narcissistic: 46.7%; Avoidant: 43.3%. Consider professional evaluation if these patterns persist."
"A: I got asked to train the intern next week,B: You’re the best person for that!,A: What if I teach them wrong and they fail?,B: You know your job inside out.,A: Knowing and teaching are different.,B: They’ll ask questions if confused.,A: Or just think I’m incompetent.","{'Schizoid': True, 'Narcissistic': True, 'Avoidant': True}","{'Schizoid': 0.5031634569168091, 'Narcissistic': 0.495432049036026, 'Avoidant': 0.46388381719589233}","The conversation shows potential traits of Schizoid, Narcissistic, Avoidant personality disorder(s). Specific probabilities: Schizoid: 50.3%; Narcissistic: 49.5%; Avoidant: 46.4%. Consider professional evaluation if these patterns persist."
"A: There’s a solo travel deal to Costa Rica,B: Wow! You’ve always wanted to go.,A: But alone? What if I get lost or look stupid?,B: That’s part of the adventure.,A: More like part of the humiliation.,B: You’d figure it out—you’re smart.,A: Or prove I can’t handle anything.","{'Schizoid': True, 'Narcissistic': True, 'Avoidant': True}","{'Schizoid': 0.5127654075622559, 'Narcissistic': 0.5158253312110901, 'Avoidant': 0.4651721715927124}","The conversation shows potential traits of Schizoid, Narcissistic, Avoidant personality disorder(s). Specific probabilities: Schizoid: 51.3%; Narcissistic: 51.6%; Avoidant: 46.5%. Consider professional evaluation if these patterns persist."
"A: My book club picked my suggestion for next month,B: That’s exciting! You love that book.,A: Now I have to lead the discussion…,B: You’ll crush it—you know it so well.,A: What if they all hated it because of me?,B: Then you debate! That’s the point.,A: Or they secretly think I have bad taste.","{'Schizoid': True, 'Narcissistic': True, 'Avoidant': True}","{'Schizoid': 0.5019738078117371, 'Narcissistic': 0.5139598846435547, 'Avoidant': 0.46494385600090027}","The conversation shows potential traits of Schizoid, Narcissistic, Avoidant personality disorder(s). Specific probabilities: Schizoid: 50.2%; Narcissistic: 51.4%; Avoidant: 46.5%. Consider professional evaluation if these patterns persist."
